pt1_cam1_X,pt1_cam1_Y,pt2_cam1_X,pt2_cam1_Y,pt3_cam1_X,pt3_cam1_Y
NaN,NaN,NaN,NaN,NaN,NaN
NaN,NaN,NaN,NaN,NaN,NaN
NaN,NaN,NaN,NaN,NaN,NaN
NaN,NaN,NaN,NaN,NaN,NaN
NaN,NaN,NaN,NaN,NaN,NaN
NaN,NaN,NaN,NaN,NaN,NaN
NaN,NaN,NaN,NaN,NaN,NaN
NaN,NaN,NaN,NaN,NaN,NaN
NaN,NaN,NaN,NaN,NaN,NaN
NaN,NaN,NaN,NaN,NaN,NaN
NaN,NaN,NaN,NaN,NaN,NaN
1016.03817,597.826916,1020.791429,598.151015,1019.407997,598.294933
1016.03817,597.826916,1020.791429,598.151015,1019.407997,598.294933
1016.03817,597.826916,1020.791429,598.151015,1019.407997,598.294933
1015.788695,597.561183,1020.519375,598.236602,1019.206409,598.223287
1015.165006,596.431817,1019.771224,597.808669,1018.450457,597.506824
1014.478949,594.970283,1018.751019,596.439284,1017.896091,596.718715
1013.372793,593.3733,1017.730814,595.241072,1017.140138,595.357436
1012.811396,592.048711,1016.778623,594.385206,1015.628233,593.92451
1012.039475,590.547511,1015.622391,593.186994,1014.620295,592.706524
1011.197379,589.134617,1014.602186,591.903196,1013.612358,591.703476
1010.144759,587.721723,1013.581981,590.619397,1012.453231,590.413843
1009.653537,586.397135,1012.62979,589.849118,1011.697278,589.052563
1008.951791,584.895935,1011.677598,588.394146,1010.689341,587.834577
1008.109695,583.571347,1010.385339,587.367107,1009.681404,586.688236
1007.337774,582.246758,1009.29712,586.168895,1008.77426,585.398603
1006.636028,580.745558,1008.480956,585.655376,1007.665529,584.252263
1006.07463,579.597582,1007.324724,583.858058,1006.760619,583.484751
1005.653583,578.626217,1006.236505,582.831019,1005.788345,582.291011
1005.022011,577.389935,1005.148287,581.632807,1004.727683,580.971615
1004.741312,576.330264,1004.264109,580.691355,1003.932187,579.966361
1004.109741,575.535511,1002.699795,578.979623,1002.871525,578.709793
1003.407994,574.564147,1001.883631,577.610238,1002.076028,577.64171
1002.940553,573.124095,1000.93144,576.497613,1001.236338,576.322314
1002.311987,572.327141,1000.047262,575.470574,1000.264064,575.31706
1001.646719,571.500416,998.686989,574.871468,999.247596,574.12332
1000.648817,570.437482,997.734798,573.758843,998.186934,573.055237
999.872672,569.374549,996.85062,572.646217,997.303049,571.798669
999.207404,568.547823,995.769716,571.487683,996.507553,570.479273
998.320381,567.839201,994.58082,570.276575,995.491085,569.41119
997.433357,566.776268,993.561765,568.922982,994.518811,568.405936
996.76809,565.949542,992.599325,567.711873,993.590732,567.212197
995.991944,565.24092,991.410428,566.429523,992.706847,566.018457
995.104921,563.823676,990.391374,565.432139,991.734573,565.076031
993.885263,562.99695,989.598776,564.22103,990.673911,563.756635
993.330874,562.524535,988.40988,563.223646,989.922609,562.688552
992.554728,561.697809,987.380719,562.150644,988.906141,561.620469
991.778582,561.225394,986.453987,561.151067,988.06645,560.678043
990.891559,560.516772,985.350736,559.818296,986.975216,559.864484
989.671902,559.690047,984.512264,558.874251,986.355135,558.836029
989.006634,558.745217,983.585533,557.708077,NaN,NaN
988.008733,558.036595,982.747061,556.48637,NaN,NaN
987.010831,557.209869,981.59968,555.209132,NaN,NaN
986.123808,556.265039,980.496428,553.765298,NaN,NaN
985.45854,555.674521,980.010997,552.710188,NaN,NaN
983.655182,554.586992,979.040135,551.488481,NaN,NaN
982.780098,553.758447,978.025144,550.488904,NaN,NaN
981.029929,553.033471,977.098412,549.32273,NaN,NaN
980.349307,551.894223,976.432774,547.906654,NaN,NaN
979.085296,551.169246,975.57474,546.961894,NaN,NaN
978.015749,550.44427,974.678802,545.741836,NaN,NaN
976.460043,549.719293,973.774934,544.807308,NaN,NaN
975.390495,548.994317,972.776322,543.776048,NaN,NaN
973.737558,548.062205,971.885028,542.35417,NaN,NaN
972.765242,547.440796,970.89899,541.419642,NaN,NaN
971.112304,545.990844,970.405971,540.368297,NaN,NaN
969.751062,545.369435,969.995122,539.200137,NaN,NaN
968.487051,544.437323,969.091253,538.616056,NaN,NaN
966.834113,543.090938,968.187385,537.564712,NaN,NaN
965.570102,541.951689,967.45934,536.585991,NaN,NaN
964.20886,540.916009,966.824476,535.587372,NaN,NaN
962.881738,539.190852,965.713465,534.389029,NaN,NaN
961.484216,538.029909,964.602454,533.689996,NaN,NaN
960.574668,536.971957,963.570801,532.691377,NaN,NaN
959.334375,535.796456,962.898307,531.907104,NaN,NaN
958.424827,534.385854,961.973509,530.992736,NaN,NaN
957.432593,532.975252,961.180825,529.828994,NaN,NaN
956.1923,531.917301,959.991798,528.99775,NaN,NaN
955.200066,530.624249,959.529399,528.000258,NaN,NaN
954.207831,529.448748,958.538544,527.252138,NaN,NaN
952.802166,528.155696,957.415574,526.504019,NaN,NaN
951.809932,527.097745,956.310829,525.450204,NaN,NaN
950.98307,525.804693,955.565977,525.00778,NaN,NaN
949.494718,524.746742,954.773293,524.25966,NaN,NaN
948.747115,523.665233,953.77292,523.444529,NaN,NaN
947.758308,522.395739,952.580998,522.65369,NaN,NaN
947.014132,521.455338,951.36453,522.289221,NaN,NaN
946.021898,520.514937,950.37977,521.268707,NaN,NaN
945.360409,519.456985,949.047448,520.321088,NaN,NaN
944.368174,518.046384,947.946834,519.008998,NaN,NaN
943.541312,516.870882,947.193783,518.28006,NaN,NaN
942.962509,515.577831,945.745607,517.259546,NaN,NaN
942.135647,514.87253,944.876701,516.530608,NaN,NaN
940.812668,513.697028,944.007795,515.582988,NaN,NaN
939.90312,512.756627,942.559619,514.708262,NaN,NaN
939.324316,511.581125,941.57486,514.125111,NaN,NaN
938.249396,510.523174,940.763881,513.323279,NaN,NaN
937.367545,509.79769,939.547413,512.448553,NaN,NaN
936.888406,508.591817,938.678508,511.938296,NaN,NaN
936.073608,507.314755,937.635821,510.917782,NaN,NaN
935.450986,506.783007,936.266921,510.386776,NaN,NaN
934.612492,505.124931,935.149372,509.619707,NaN,NaN
933.773997,504.220526,933.727038,508.596949,NaN,NaN
933.294857,503.316122,932.660287,507.957724,NaN,NaN
932.456363,502.260982,931.339548,506.807121,NaN,NaN
931.826169,500.945244,929.714023,505.46475,NaN,NaN
931.258378,500.138853,928.494879,504.186302,NaN,NaN
930.28888,499.062383,927.529724,503.483156,NaN,NaN
929.690713,498.319043,926.208984,502.716087,NaN,NaN
928.893158,497.681895,925.396222,501.373716,NaN,NaN
927.900323,497.184408,924.12628,500.606647,NaN,NaN
926.979307,496.203371,923.415113,499.775656,NaN,NaN
925.874089,495.614749,921.768261,499.236098,NaN,NaN
925.075875,494.764517,920.804192,498.396219,NaN,NaN
924.032058,493.979688,919.691805,497.276381,NaN,NaN
923.172443,493.064054,918.653577,496.436502,NaN,NaN
922.312829,492.475431,917.392872,495.503303,NaN,NaN
921.453214,491.821407,916.577121,494.476784,NaN,NaN
920.777803,491.428992,915.316416,493.450266,NaN,NaN
919.795387,490.774968,914.204029,492.797027,NaN,NaN
918.935772,490.251748,913.462437,491.677188,NaN,NaN
918.076158,489.924736,912.572528,491.023949,NaN,NaN
916.725335,489.009102,911.163504,490.27739,NaN,NaN
915.865721,488.485882,910.199435,489.250871,NaN,NaN
915.006106,488.093468,909.383685,488.317673,NaN,NaN
913.839487,487.177833,908.493775,487.571114,NaN,NaN
912.734268,486.654614,906.936433,486.731235,NaN,NaN
911.62905,486.196797,905.601568,485.891356,NaN,NaN
910.585232,485.150357,904.6375,485.331437,NaN,NaN
909.418612,484.823345,903.821749,484.024958,NaN,NaN
908.620399,484.365528,902.709362,483.18508,NaN,NaN
907.023972,483.580699,901.300338,481.971921,NaN,NaN
906.225759,482.926674,900.484588,481.598642,NaN,NaN
905.304743,482.730467,899.44636,480.292164,NaN,NaN
904.752134,482.403455,898.482291,479.638924,NaN,NaN
902.971504,481.814833,897.666541,478.892365,NaN,NaN
902.405149,481.541176,896.702472,478.145806,NaN,NaN
901.352198,481.031371,896.109199,477.119288,NaN,NaN
899.916356,480.419606,894.996812,476.092769,NaN,NaN
898.576236,479.705879,894.25522,475.34621,NaN,NaN
897.236117,478.68627,893.142833,474.319692,NaN,NaN
895.895997,478.278426,892.178764,473.759772,NaN,NaN
895.034492,477.768621,890.992218,473.013213,NaN,NaN
893.885818,477.156856,890.176468,472.546614,NaN,NaN
892.162808,476.443129,889.06408,471.240136,NaN,NaN
890.439797,476.035285,887.877534,470.306937,NaN,NaN
889.386846,475.525481,886.690988,470.120297,NaN,NaN
888.621063,474.505871,885.949397,469.187099,NaN,NaN
886.993775,473.690184,885.059487,468.533859,NaN,NaN
885.837035,473.974232,883.724622,467.600661,NaN,NaN
884.145765,472.967518,883.05719,466.854102,NaN,NaN
882.802697,472.066774,881.629058,466.448854,NaN,NaN
881.3104,471.642895,880.456196,465.672066,NaN,NaN
880.315536,471.060061,879.715441,464.73992,NaN,NaN
879.221184,470.212302,878.912956,464.118489,NaN,NaN
877.629401,469.364543,878.41912,463.497058,NaN,NaN
876.23659,468.357829,877.122798,462.720269,NaN,NaN
875.191982,467.774995,876.258584,462.02116,NaN,NaN
873.898658,466.980221,875.39437,461.477408,NaN,NaN
872.107902,465.973508,874.283238,460.700619,NaN,NaN
870.963807,465.178734,873.419024,460.079189,NaN,NaN
869.62074,464.330975,872.554809,459.147042,NaN,NaN
868.0787,463.801125,871.567136,458.914006,NaN,NaN
866.934605,463.165306,870.517733,458.447933,NaN,NaN
866.08897,462.635457,869.46833,457.671144,NaN,NaN
864.731755,461.421747,868.480657,457.049713,NaN,NaN
863.380886,460.379783,867.369525,456.738998,NaN,NaN
862.216344,459.536288,866.196663,456.272925,NaN,NaN
861.051802,458.841645,865.419006,455.837397,NaN,NaN
859.15894,457.810913,863.97548,454.747501,NaN,NaN
858.056027,456.897188,863.2056,454.384202,NaN,NaN
856.830568,456.244528,862.002662,453.899804,NaN,NaN
855.237472,455.461336,861.136547,453.597055,NaN,NaN
854.134558,454.286548,859.837374,452.809908,NaN,NaN
853.276737,453.503355,859.019377,452.20441,NaN,NaN
852.173824,452.981227,858.057027,452.14386,NaN,NaN
851.070911,451.936971,856.709736,451.235613,NaN,NaN
849.722906,451.284311,855.734517,450.720109,NaN,NaN
848.497447,450.240054,854.342067,450.003291,NaN,NaN
847.394534,449.717926,853.139497,449.764352,NaN,NaN
846.786971,448.925213,852.37998,449.127181,NaN,NaN
845.639399,448.252917,850.98753,448.888241,NaN,NaN
844.491827,447.27503,849.721667,448.490009,NaN,NaN
843.573769,445.991555,848.77227,447.852838,NaN,NaN
842.426197,445.074787,847.5697,447.454606,NaN,NaN
841.622897,444.463608,846.36713,446.658142,NaN,NaN
840.819597,443.424604,845.354439,446.498849,NaN,NaN
839.920165,443.119347,843.96199,445.941324,NaN,NaN
838.674826,442.154623,843.012593,445.861678,NaN,NaN
837.5427,441.55167,841.810023,444.985567,NaN,NaN
836.976637,440.828127,840.670746,444.507689,NaN,NaN
835.957724,440.225175,839.34159,444.109457,NaN,NaN
834.93881,439.501631,838.392193,443.870517,NaN,NaN
834.146322,438.898679,837.331774,443.423174,NaN,NaN
833.127408,438.054545,835.999694,442.899345,NaN,NaN
832.448133,437.572183,834.667614,442.585047,NaN,NaN
831.768857,436.969231,833.918319,442.061218,NaN,NaN
830.976369,436.245687,832.003454,441.851686,NaN,NaN
830.297093,436.125097,831.087649,441.432623,NaN,NaN
829.504605,435.522144,829.589059,440.594496,NaN,NaN
828.712116,435.039782,828.340234,439.861135,NaN,NaN
827.919628,434.678011,827.174664,439.546837,NaN,NaN
827.013927,433.954468,825.509563,438.918242,NaN,NaN
826.447864,433.713287,824.427248,438.70871,NaN,NaN
825.315738,433.230925,823.344933,438.080115,NaN,NaN
824.523249,433.230925,821.763088,437.556286,NaN,NaN
823.504336,432.748562,820.597518,437.241988,NaN,NaN
822.598635,432.025019,819.182183,436.718159,NaN,NaN
821.756697,431.722924,817.759951,436.607578,NaN,NaN
820.564004,431.46884,816.61007,435.884087,NaN,NaN
819.60985,431.299451,815.213784,435.418986,NaN,NaN
818.337644,430.960673,814.063903,434.59214,NaN,NaN
817.065439,430.706589,812.872953,434.178717,NaN,NaN
816.429336,430.452505,811.846273,433.558583,NaN,NaN
815.316157,430.029033,810.901727,432.990126,NaN,NaN
814.202977,429.859643,809.628644,432.42167,NaN,NaN
813.248823,429.436171,808.560896,431.749857,NaN,NaN
812.05613,429.266781,807.493149,431.1814,NaN,NaN
811.181489,429.097392,806.178998,430.767977,NaN,NaN
809.750258,428.843308,804.988049,430.354554,NaN,NaN
808.637078,428.758614,803.920302,429.786098,NaN,NaN
808.047566,429.074271,802.9,429.61,NaN,NaN
806.792484,428.925729,801.572522,429.311149,NaN,NaN
805.537402,428.67816,800.492137,428.676702,NaN,NaN
804.607712,428.529618,798.979597,428.495432,NaN,NaN
803.445599,428.480105,797.899211,427.498444,NaN,NaN
802.283486,428.183022,796.674774,427.135903,NaN,NaN
800.957011,428.385427,795.666414,426.501457,NaN,NaN
799.099728,428.238885,794.586028,425.86701,NaN,NaN
798.136692,427.9458,793.649694,425.86701,NaN,NaN
796.967291,427.725987,792.425257,425.323199,NaN,NaN
795.591525,427.28636,791.056769,424.870023,NaN,NaN
794.490913,427.28636,789.832332,424.054306,NaN,NaN
793.046359,427.359631,788.823972,423.873035,NaN,NaN
791.739382,426.846733,787.887638,423.60113,NaN,NaN
790.294828,426.846733,786.447123,423.057318,NaN,NaN
789.056639,426.920005,785.078635,422.785413,NaN,NaN
788.024814,426.846733,784.044594,422.429537,NaN,NaN
786.305107,426.553649,782.680522,421.843411,NaN,NaN
785.066918,426.040751,781.78223,421.801545,NaN,NaN
783.897518,425.674396,781.050289,421.592214,NaN,NaN
782.315387,425.601125,779.719487,421.592214,NaN,NaN
781.283563,425.674396,778.322144,421.006088,NaN,NaN
779.495068,425.234769,777.190962,420.54556,NaN,NaN
778.160253,425.426192,775.69381,420.503694,NaN,NaN
776.825719,425.121584,774.995138,420.294363,NaN,NaN
775.491184,424.918512,773.963767,419.666371,NaN,NaN
774.061326,424.71544,772.666234,419.373308,NaN,NaN
772.536144,424.512368,771.368702,419.122111,NaN,NaN
771.296933,424.106224,770.09471,418.522429,NaN,NaN
769.676427,423.801616,769.21873,418.290364,NaN,NaN
767.388654,423.395472,767.835603,417.652184,NaN,NaN
765.291528,423.090864,766.775205,417.420118,NaN,NaN
764.147642,422.786256,765.714808,417.188053,NaN,NaN
762.527136,422.481648,764.884931,416.839955,NaN,NaN
761.001954,422.075504,763.870638,416.60789,NaN,NaN
759.667419,421.364752,762.441407,416.317808,NaN,NaN
758.457927,421.449095,761.565426,415.96971,NaN,NaN
757.046153,420.657634,760.274507,415.679628,NaN,NaN
755.634379,420.499341,758.845276,415.563596,NaN,NaN
754.148302,420.261903,757.589526,415.709383,NaN,NaN
752.959439,420.182757,756.437272,415.556755,NaN,NaN
751.324754,419.787026,754.648247,415.404127,NaN,NaN
750.061587,419.470441,753.859863,415.213342,NaN,NaN
748.57551,419.07471,752.555997,415.022557,NaN,NaN
747.386647,418.837272,750.918584,414.908086,NaN,NaN
745.826266,418.204102,749.917943,414.946243,NaN,NaN
744.563099,417.966664,748.856657,414.869929,NaN,NaN
743.299933,417.491787,747.674081,414.717301,NaN,NaN
741.813855,417.096056,746.794729,414.793615,NaN,NaN
740.253474,416.462887,745.85,414.92,NaN,NaN
738.8417,415.908864,744.58119,414.60283,NaN,NaN
737.578534,415.750571,743.307646,414.335731,NaN,NaN
736.315367,415.196548,741.761201,414.259418,NaN,NaN
734.754986,414.563379,740.760559,414.144947,NaN,NaN
733.714731,413.930209,739.577983,414.183104,NaN,NaN
732.451565,413.613625,738.395407,414.030476,NaN,NaN
731.411311,413.29704,737.000574,413.992319,NaN,NaN
730.222448,412.980455,736.12034,413.948955,NaN,NaN
728.959282,412.347286,734.749451,414.00844,NaN,NaN
727.696116,412.030701,733.614922,414.00844,NaN,NaN
726.581558,411.793263,732.480393,413.829983,NaN,NaN
725.689911,411.476678,730.920416,413.889469,NaN,NaN
724.255381,411.228982,729.549527,413.948955,NaN,NaN
723.125959,410.905091,728.273182,414.067926,NaN,NaN
721.996538,410.951361,726.76,413.95,NaN,NaN
721.127752,410.67374,725.7,413.96,NaN,NaN
719.954892,410.48866,724.76,413.95,NaN,NaN
718.564835,409.979688,723.309619,414.00844,NaN,NaN
717.435413,409.840877,721.73,413.95,NaN,NaN
716.305992,409.516986,720.68,413.93,NaN,NaN
715.437206,409.285636,719.291496,414.067926,NaN,NaN
714.264346,409.146825,717.72,413.95,NaN,NaN
713.048046,409.378176,716.68,413.94,NaN,NaN
712.222699,409.424446,715.367918,413.711011,NaN,NaN
710.749762,409.140263,713.69,413.94,NaN,NaN
709.176864,408.966946,712.432649,413.656832,NaN,NaN
708.471772,409.024718,710.724102,413.245132,NaN,NaN
707.387014,409.140263,709.68,412.94,NaN,NaN
706.193781,409.024718,708.252163,413.199388,NaN,NaN
705.2175,408.909173,706.870785,413.290877,NaN,NaN
704.363252,408.748798,705.343999,413.062155,NaN,NaN
703.245858,408.640597,703.671804,412.970666,NaN,NaN
702.433207,408.640597,702.581242,413.062155,NaN,NaN
701.315813,408.315993,701.417977,413.153644,NaN,NaN
700.3,408.315993,699.745782,413.565344,NaN,NaN
699.182606,408.315993,698.218996,413.519599,NaN,NaN
698.166793,408.315993,697.128434,413.290877,NaN,NaN
697.15098,408.315993,695.528944,413.382366,NaN,NaN
696.184022,408.460943,694.474734,413.245132,NaN,NaN
695.000243,408.731141,692.584428,413.245132,NaN,NaN
694.154687,408.731141,690.912233,413.290877,NaN,NaN
692.970909,408.731141,689.530855,413.382366,NaN,NaN
691.61802,408.911273,688.73111,413.519599,NaN,NaN
690.349686,409.001339,687.277028,413.748321,NaN,NaN
689.419574,409.541735,685.89565,413.473855,NaN,NaN
688.404907,409.631801,684.696032,413.473855,NaN,NaN
687.474795,409.992065,683.750879,413.336621,NaN,NaN
685.952795,410.082131,681.910617,413.631162,NaN,NaN
685.107239,410.172197,680.720504,413.559848,NaN,NaN
683.669793,410.352329,679.530391,413.488533,NaN,NaN
682.655126,410.802658,678.340279,413.417219,NaN,NaN
681.287393,411.377591,677.036822,413.773791,NaN,NaN
680.035101,411.728618,675.733365,413.773791,NaN,NaN
678.914629,411.798824,674.259893,413.845106,NaN,NaN
677.596426,412.079645,672.899764,413.773791,NaN,NaN
676.146403,412.360467,671.766323,413.916421,NaN,NaN
675.091841,412.711494,670.746227,414.130364,NaN,NaN
673.773638,412.851905,669.386098,414.272993,NaN,NaN
672.587256,413.343342,667.855953,413.987735,NaN,NaN
671.466784,413.975191,666.835857,414.272993,NaN,NaN
670.296035,414.609827,665.192368,414.344308,NaN,NaN
669.225839,414.958067,663.090092,414.6407,NaN,NaN
667.676658,415.606284,661.328951,414.113039,NaN,NaN
666.242238,416.004866,660.322584,414.535168,NaN,NaN
664.745451,416.669171,659.14849,414.324104,NaN,NaN
663.248664,417.267044,657.806668,414.746232,NaN,NaN
662.126074,417.599197,656.213255,414.6407,NaN,NaN
660.192724,418.263501,654.955297,415.062828,NaN,NaN
658.945402,418.529223,653.697339,415.16836,NaN,NaN
657.323883,419.127096,652.466736,415.505239,NaN,NaN
655.76473,419.525679,651.17093,415.505239,NaN,NaN
654.392675,419.857831,649.875124,415.752301,NaN,NaN
652.521692,420.189983,648.540051,415.900538,NaN,NaN
651.149637,420.721427,647.283512,415.801713,NaN,NaN
649.964681,421.053579,646.026973,416.394662,NaN,NaN
648.53026,421.25287,644.6919,416.444074,NaN,NaN
647.470036,421.585022,643.31756,416.691136,NaN,NaN
645.536687,421.917174,641.82542,417.037022,NaN,NaN
643.790435,422.515048,640.215479,416.592311,NaN,NaN
642.543113,422.714339,638.263279,417.047249,NaN,NaN
640.734496,423.046492,637.256083,416.85226,NaN,NaN
638.82089,423.594228,635.784026,416.949754,NaN,NaN
637.281342,423.901705,634.621876,417.144744,NaN,NaN
635.645573,424.516659,633.769633,417.144744,NaN,NaN
634.435518,424.640822,632.375053,417.534722,NaN,NaN
632.686035,425.048073,630.980473,418.022195,NaN,NaN
630.960949,425.527423,629.585893,418.119689,NaN,NaN
629.610882,426.086665,628.578696,418.802151,NaN,NaN
628.18581,426.326339,626.796733,419.192129,NaN,NaN
625.935698,426.645906,626.021966,419.679602,NaN,NaN
625.035653,427.045364,624.534416,420.064267,NaN,NaN
622.935548,427.285039,623.407095,420.266923,NaN,NaN
620.460424,427.684497,622.011364,420.672234,NaN,NaN
619.035353,427.604606,620.884044,421.009994,NaN,NaN
617.235263,427.924172,619.488313,421.550409,NaN,NaN
615.435173,428.004064,618.092583,422.023273,NaN,NaN
614.085105,428.483414,616.64317,422.563688,NaN,NaN
612.660034,429.122547,615.343977,423.126665,NaN,NaN
611.009952,429.362222,614.004954,423.641524,NaN,NaN
609.509877,429.681788,612.665931,423.828745,NaN,NaN
607.709787,430.001355,611.587274,424.343603,NaN,NaN
605.909697,430.161138,610.173861,424.718045,NaN,NaN
604.334618,430.560596,608.537277,425.186098,NaN,NaN
603.209562,431.039946,607.002807,425.657958,NaN,NaN
601.409472,431.199729,605.959054,426.241705,NaN,NaN
599.909397,431.679079,604.683356,426.825452,NaN,NaN
598.109307,431.838862,603.407657,427.263262,NaN,NaN
596.734093,432.235247,601.784041,427.701073,NaN,NaN
594.892459,432.655601,601.088206,427.992946,NaN,NaN
593.313916,432.935836,599.580562,428.138883,NaN,NaN
591.998463,433.216072,598.304864,428.868567,NaN,NaN
590.156829,433.496308,596.913193,429.598251,NaN,NaN
588.44674,433.636426,595.521522,429.890125,NaN,NaN
587.394378,433.916662,594.48,430.58,NaN,NaN
585.552744,433.916662,592.7,431.52,NaN,NaN
584.237291,434.337015,591.42,432.61,NaN,NaN
582.790293,434.477133,589.490948,432.662923,NaN,NaN
581.343294,434.757369,588.21525,433.246671,NaN,NaN
579.633206,435.037605,586.823579,433.976354,NaN,NaN
578.054662,435.457959,585.48,434.55,NaN,NaN
576.870755,435.738194,583.924264,435.143849,NaN,NaN
575.555302,436.01843,582.5,435.63,NaN,NaN
573.976758,436.438784,581.48884,436.749153,NaN,NaN
572.79285,436.859138,579.68,437.6,NaN,NaN
571.477398,436.999256,578.241608,437.624774,NaN,NaN
569.635763,437.139374,576.67,438.55,NaN,NaN
568.320311,437.559727,575.56,439.59,NaN,NaN
567.399494,437.839963,573.950623,439.959763,NaN,NaN
565.522547,437.986542,572.53,440.54,NaN,NaN
563.984476,438.423423,570.355473,441.856941,NaN,NaN
563.494567,438.415896,568.847829,442.002878,NaN,NaN
561.741162,438.918731,567.56,442.61,NaN,NaN
560.122635,439.277898,566.54,443.58,NaN,NaN
558.773863,439.852566,564.440871,444.045993,NaN,NaN
557.964599,440.068067,562.64,444.68,NaN,NaN
556.683265,440.283567,561.425584,445.06755,NaN,NaN
555.132177,440.930069,560.033913,445.797234,NaN,NaN
553.850843,441.432903,558.99016,445.797234,NaN,NaN
552.164877,441.863904,557.286712,446.817236,NaN,NaN
550.950982,442.582239,555.411764,447.828401,NaN,NaN
550.255709,442.984122,553.751095,448.232867,NaN,NaN
548.757532,443.488063,552.304706,448.772155,NaN,NaN
547.653611,444.075994,550.590467,449.715909,NaN,NaN
546.234284,444.495944,549.49,450.74,NaN,NaN
544.736107,444.999885,547.56,451.77,NaN,NaN
543.395631,445.755796,546.5,452.78,NaN,NaN
542.212859,446.175746,544.804911,452.884227,NaN,NaN
540.951236,446.931657,542.983532,453.76057,NaN,NaN
539.531909,447.771558,541.52,454.69,NaN,NaN
538.270286,448.695449,540.45,455.79,NaN,NaN
537.348093,449.112313,538.376515,456.187366,NaN,NaN
536.265109,449.741529,536.233717,456.996298,NaN,NaN
534.886764,450.790221,534.733758,457.468175,NaN,NaN
533.803779,451.419436,533.662359,457.940052,NaN,NaN
532.622341,452.048651,530.886346,459.008038,NaN,NaN
531.440903,452.992474,529.244012,458.860418,NaN,NaN
530.456371,453.936297,527.601677,460.188992,NaN,NaN
529.17648,454.98499,526.545891,460.927088,NaN,NaN
527.896589,456.033682,525.138175,461.222327,NaN,NaN
526.321338,456.767766,523.143912,462.403281,NaN,NaN
525.238353,457.711589,521.384268,462.993758,NaN,NaN
523.630349,458.400966,519.741933,463.584235,NaN,NaN
522.551148,459.366572,518.38,464.85,NaN,NaN
521.126604,460.102271,516.52,465.81,NaN,NaN
519.572556,461.021895,515.166859,465.946143,NaN,NaN
517.975339,461.895538,513.46,466.85,NaN,NaN
516.637131,462.861144,511.999499,467.127097,NaN,NaN
515.333413,463.795507,510.31,467.91,NaN,NaN
514.226152,464.702754,508.45,468.9,NaN,NaN
513.033716,465.700725,507.189805,469.489006,NaN,NaN
511.245063,466.78942,505.44,469.88,NaN,NaN
509.967453,467.878116,504.257065,470.965198,NaN,NaN
508.120248,468.98905,502.35,471.93,NaN,NaN
506.859835,469.928836,500.38,472.9,NaN,NaN
505.47338,470.734368,498.28,473.91,NaN,NaN
504.212967,471.80841,497.570417,474.360442,NaN,NaN
502.700471,472.882453,496.514631,475.393776,NaN,NaN
501.187975,473.822239,494.754987,476.131873,NaN,NaN
499.675478,475.299047,493.229962,476.72235,NaN,NaN
498.162982,476.238834,491.4,477.91,NaN,NaN
497.02861,477.447132,489.43,478.95,NaN,NaN
494.923799,478.25545,488.302958,479.379497,NaN,NaN
493.524919,479.646157,487.129862,480.412831,NaN,NaN
491.939522,480.639519,485.370218,481.003309,NaN,NaN
490.540642,481.732217,483.5,481.95,NaN,NaN
489.048504,483.22226,482.38,482.96,NaN,NaN
487.649624,484.414294,480.49,483.95,NaN,NaN
486.344003,485.407656,478.49,484.96,NaN,NaN
484.385571,486.59969,478.097023,486.169983,NaN,NaN
482.613656,487.990397,476.49,486.98,NaN,NaN
480.935001,488.983759,474.52,487.98,NaN,NaN
479.256345,490.175793,473.39,488.98,NaN,NaN
477.950724,491.665836,471.52,489.98,NaN,NaN
476.178809,492.85787,470.39,490.99,NaN,NaN
473.713715,494.262153,468.47,492,NaN,NaN
472.425667,495.438142,466.54,493,NaN,NaN
470.401591,496.418134,465.36,494.01,NaN,NaN
469.113543,497.594124,463.49,495.02,NaN,NaN
467.570316,498.900193,461.49,496.01,NaN,NaN
466.018318,500.09585,459.51,497.01,NaN,NaN
464.960586,501.544417,458.750643,497.774686,NaN,NaN
463.147332,502.671079,456.972365,498.696107,NaN,NaN
461.182973,504.119646,455.717109,499.880792,NaN,NaN
459.369718,505.246308,453.834226,500.802213,NaN,NaN
456.952046,506.372971,452.474366,501.986898,NaN,NaN
455.592105,507.982489,450.800692,503.039951,NaN,NaN
453.929955,508.9482,449.440832,503.829741,NaN,NaN
452.267805,510.396766,447.767159,505.146058,NaN,NaN
450.303446,511.523428,445.98888,506.067479,NaN,NaN
448.339087,512.971995,444.733625,507.120532,NaN,NaN
446.374728,514.420561,443.059951,508.305217,NaN,NaN
444.259264,515.547224,441.595486,508.963375,NaN,NaN
443.050428,516.512934,440.026417,510.14806,NaN,NaN
441.086069,517.478645,438.561953,511.069481,NaN,NaN
439.423919,518.927211,436.67907,512.122535,NaN,NaN
437.761769,519.892922,435.31921,513.438851,NaN,NaN
435.948514,520.858633,433.95935,514.623536,NaN,NaN
434.13526,522.307199,432.285676,515.150062,NaN,NaN
432.170901,523.594814,430.805992,517.210576,NaN,NaN
430.206542,524.882428,429.435917,518.216281,NaN,NaN
428.091078,526.330994,427.578468,519.493907,NaN,NaN
426.277824,527.457657,426.427818,520.020433,NaN,NaN
424.615674,528.745271,424.52,521.12,NaN,NaN
422.651315,530.354789,422.975865,523.179593,NaN,NaN
421.140269,531.481452,421.616005,524.232646,NaN,NaN
419.327015,532.608115,419.942332,525.41733,NaN,NaN
417.664865,534.056681,418.373262,526.733647,NaN,NaN
415.398297,535.022392,417.118007,528.313227,NaN,NaN
413.282833,536.310006,415.548938,529.761175,NaN,NaN
412.225102,537.758572,414.008021,530.827489,NaN,NaN
410.056685,538.966301,412.418028,532.36657,NaN,NaN
407.541117,540.172078,411.072649,533.597834,NaN,NaN
406.157554,541.377855,409.482656,534.983007,NaN,NaN
404.270878,542.851582,407.892663,536.214271,NaN,NaN
402.138434,543.614086,406.424977,537.599444,NaN,NaN
399.964616,545.2435,404.593364,539.39623,NaN,NaN
398.515404,546.701397,402.905726,540.988989,NaN,NaN
396.744144,547.644742,401.22,542.63,NaN,NaN
394.811861,548.931121,399.67,544.19,NaN,NaN
392.879578,550.2175,398.2,545.65,NaN,NaN
390.664124,551.195913,396.66,547.22,NaN,NaN
389.157932,552.332327,395.18,548.65,NaN,NaN
387.337949,553.669285,393.62,550.26,NaN,NaN
385.70624,554.805698,392.041556,551.076463,NaN,NaN
383.886257,556.209504,390.19,552.6,NaN,NaN
381.878,557.613309,388.455325,553.863791,NaN,NaN
380.309049,558.749723,386.6,555.32,NaN,NaN
378.701545,559.725893,384.974571,556.783849,NaN,NaN
376.555217,561.074166,383.16,558.62,NaN,NaN
374.856543,562.322885,381.718929,560.070021,NaN,NaN
372.901983,563.595179,379.15,562.62,NaN,NaN
371.164597,564.75181,377.560192,563.118592,NaN,NaN
369.42721,566.25543,375.85117,564.408944,NaN,NaN
367.79841,567.180735,373.800343,566.272787,NaN,NaN
365.952437,568.453029,372.14,567.66,NaN,NaN
364.106464,569.725323,370.18,569.54,NaN,NaN
362.58625,571.228944,368.787212,570.717335,NaN,NaN
360.523104,572.96389,367.306059,572.294433,NaN,NaN
358.785717,573.773532,365.483102,573.441413,NaN,NaN
357.04833,575.161489,363.54621,575.161883,NaN,NaN
355.636704,576.549446,362.17,576.64,NaN,NaN
354.293335,577.459384,360.51,578.42,NaN,NaN
352.293666,578.980801,359.16,579.67,NaN,NaN
350.960553,580.197935,357.41,581.52,NaN,NaN
349.246551,581.009358,355.001099,582.617254,NaN,NaN
348.103883,582.632203,353.19,584.6,NaN,NaN
346.389881,584.052193,351.924859,585.771449,NaN,NaN
344.675879,585.573611,349.987968,587.491919,NaN,NaN
343.152321,586.587889,348.165011,589.069017,NaN,NaN
341.861508,587.880674,346.797793,590.789487,NaN,NaN
339.773938,589.481676,345.202706,591.936467,NaN,NaN
338.020378,590.993734,343.835488,593.656937,NaN,NaN
336.433825,592.150014,342.354335,595.52078,NaN,NaN
335.264785,593.484183,339.961704,597.24125,NaN,NaN
333.177214,595.085185,338.480552,598.674975,NaN,NaN
331.757666,596.686188,336.54366,600.538818,NaN,NaN
330.004107,597.931412,335.404312,602.402661,333.92526,602.161819
328.58306,599.586439,333.46742,603.836386,331.745611,603.871119
326.870702,601.045599,331.758398,605.270111,330.33525,605.390496
325.158344,602.413561,329.935441,606.847209,329.053104,606.909874
323.27475,604.602301,327.884614,609.284541,326.617026,608.809096
322.078178,605.540412,326.175592,610.718266,325.206665,610.138552
320.565445,607.436077,324.22,612.66,323.539874,611.847852
318.963729,609.047392,322.21,614.75,321.873084,613.177307
317.362012,610.374357,320.630938,616.443237,319.949865,614.886607
315.707854,611.704213,319.21,617.77,318.411289,616.785829
314.410245,613.431929,317.33,619.63,316.872714,618.685051
312.950434,614.814102,315.33,621.64,315.205923,620.584273
311.00402,616.541818,313.88131,623.595701,313.667348,622.293573
310.030813,618.096762,312.105092,624.936789,311.872343,624.002873
308.408801,620.342793,310.23,626.69,310.021267,625.930806
306.786789,622.070509,308.25,628.67,308.447183,627.596281
305.164777,623.798225,306.95406,630.301137,306.423361,629.261756
304.029369,625.353169,305.32,631.73,304.736842,630.760683
301.596351,627.426429,303.224002,633.43034,303.162758,632.25961
300.460943,628.63583,301.625406,634.771427,301.363804,633.925085
298.352327,630.018003,300.382054,636.336028,299.677285,635.424013
295.270505,632.436805,298.961079,636.336028,NaN,NaN
293.161889,633.646206,298.605836,636.783057,NaN,NaN
291.86428,635.028379,297.717727,635.44197,NaN,NaN
291.377676,635.546694,297.007239,635.218456,NaN,NaN
290.891073,635.546694,296.296752,634.547912,NaN,NaN
NaN,NaN,NaN,NaN,NaN,NaN
NaN,NaN,NaN,NaN,NaN,NaN
NaN,NaN,NaN,NaN,NaN,NaN
NaN,NaN,NaN,NaN,NaN,NaN
NaN,NaN,NaN,NaN,NaN,NaN
NaN,NaN,NaN,NaN,NaN,NaN
NaN,NaN,NaN,NaN,NaN,NaN
NaN,NaN,NaN,NaN,NaN,NaN
NaN,NaN,NaN,NaN,NaN,NaN
